Product Name,Original_price,Offer_price,percentage,Brand,assurance,products_link
DROGO M SS 19 Running Shoes For Men,"1,899","2,699",29% off,ADIDAS,True,https://www.flipkart.com/adidas-drogo-m-ss-19-running-shoes-men/p/itmfd3huurxgjhzy?pid=SHOFD3HUP2BZPZ32&lid=LSTSHOFD3HUP2BZPZ32ZOQBVS&marketplace=FLIPKART&srno=s_1_1&otracker=search&otracker1=search&fm=organic&iid=b971b00c-f6c6-46ad-9bbc-8b7814b8c64a.SHOFD3HUP2BZPZ32.SEARCH&ssid=v72wrtoh6o0000001568520475782&qH=70363420bf22443f
Kray 2 M Running Shoes For Men,"2,529","4,599",45% off,ADIDAS,True,https://www.flipkart.com/adidas-kray-2-m-running-shoes-men/p/itmfhwpad8tzgvtb?pid=SHOFHWPE7SQEFHCJ&lid=LSTSHOFHWPE7SQEFHCJ7F1HTI&marketplace=FLIPKART&srno=s_1_2&otracker=search&otracker1=search&fm=organic&iid=a8d76c95-bdd3-4391-a1a6-8fe07672aa50.SHOFHWPE7SQEFHCJ.SEARCH&ssid=v72wrtoh6o0000001568520475782&qH=70363420bf22443f
KYRIS M Running Shoes For Men,"1,954","4,599",57% off,ADIDAS,True,https://www.flipkart.com/adidas-kyris-m-running-shoes-men/p/itmf7g8hvt4jgu7s?pid=SHOF7G8HXZZGU6G2&lid=LSTSHOF7G8HXZZGU6G2JEBLJ2&marketplace=FLIPKART&srno=s_1_3&otracker=search&otracker1=search&fm=organic&iid=52830eb7-30b8-4c52-93d2-ed34f7d1542c.SHOF7G8HXZZGU6G2.SEARCH&ssid=v72wrtoh6o0000001568520475782&qH=70363420bf22443f
Kray 2 M Running Shoes For Men,"2,529","4,599",45% off,ADIDAS,True,https://www.flipkart.com/adidas-kray-2-m-running-shoes-men/p/itmfhwpaxma3cyzg?pid=SHOFHWPASRSZC7VT&lid=LSTSHOFHWPASRSZC7VTXM1XAE&marketplace=FLIPKART&srno=s_1_4&otracker=search&otracker1=search&fm=organic&iid=30c2a8f9-2011-4004-bde6-0ac5619f09b1.SHOFHWPASRSZC7VT.SEARCH&ssid=v72wrtoh6o0000001568520475782&qH=70363420bf22443f
HYPERON M SS 19 Running Shoes For Men,"1,799","2,999",40% off,ADIDAS,True,https://www.flipkart.com/adidas-hyperon-m-ss-19-running-shoes-men/p/itmfd3htgp4hzgcz?pid=SHOFD3HTYWZYQPY5&lid=LSTSHOFD3HTYWZYQPY5HPMRAC&marketplace=FLIPKART&srno=s_1_5&otracker=search&otracker1=search&fm=organic&iid=8f79aea8-3daf-419f-860a-8947829c8159.SHOFD3HTYWZYQPY5.SEARCH&ssid=v72wrtoh6o0000001568520475782&qH=70363420bf22443f
HYPERON M SS 19 Running Shoes For Men,"1,799","2,999",40% off,ADIDAS,True,https://www.flipkart.com/adidas-hyperon-m-ss-19-running-shoes-men/p/itmfd3hrvjshwh97?pid=SHOFD3HRFHVS8NVU&lid=LSTSHOFD3HRFHVS8NVUQXVA0I&marketplace=FLIPKART&srno=s_1_6&otracker=search&otracker1=search&fm=organic&iid=c7b0911f-0bf6-4eef-bf40-69124f9d9037.SHOFD3HRFHVS8NVU.SEARCH&ssid=v72wrtoh6o0000001568520475782&qH=70363420bf22443f
HELLION Z M Running Shoes For Men,"1,880","3,299",43% off,ADIDAS,True,https://www.flipkart.com/adidas-hellion-z-m-running-shoes-men/p/itmfbzrjwzvdb3yx?pid=SHOFBZWAWFXFJMAR&lid=LSTSHOFBZWAWFXFJMARYWZ2OS&marketplace=FLIPKART&srno=s_1_7&otracker=search&otracker1=search&fm=organic&iid=ab904018-2b16-44ec-a86a-f08fc8e58ea8.SHOFBZWAWFXFJMAR.SEARCH&ssid=v72wrtoh6o0000001568520475782&qH=70363420bf22443f
Raddis 1.0 MS Running Shoes For Men,"3,359","5,599",40% off,ADIDAS,True,https://www.flipkart.com/adidas-raddis-1-0-ms-running-shoes-men/p/itmfhwpcuxjezayz?pid=SHOFHWPEWZAH4DSK&lid=LSTSHOFHWPEWZAH4DSKKXHR6K&marketplace=FLIPKART&srno=s_1_8&otracker=search&otracker1=search&fm=organic&iid=52632482-e1aa-4f66-9f7b-9454405d2aea.SHOFHWPEWZAH4DSK.SEARCH&ssid=v72wrtoh6o0000001568520475782&qH=70363420bf22443f
DROGO M SS 19 Running Shoes For Men,"1,899","2,699",29% off,ADIDAS,True,https://www.flipkart.com/adidas-drogo-m-ss-19-running-shoes-men/p/itmfd3hutku7nmxh?pid=SHOFD3G3FYFRFATQ&lid=LSTSHOFD3G3FYFRFATQVDMA49&marketplace=FLIPKART&srno=s_1_9&otracker=search&otracker1=search&fm=organic&iid=68294060-249e-4a3b-a61d-d3dc1eff9737.SHOFD3G3FYFRFATQ.SEARCH&ssid=v72wrtoh6o0000001568520475782&qH=70363420bf22443f
ZELT SL 2.0 M SS 19 Running Shoes For Men,"2,783","4,799",42% off,ADIDAS,True,https://www.flipkart.com/adidas-zelt-sl-2-0-m-ss-19-running-shoes-men/p/itmfd3hu4rvsbsze?pid=SHOFD4G3HG8DRYRU&lid=LSTSHOFD4G3HG8DRYRULD57RK&marketplace=FLIPKART&srno=s_1_10&otracker=search&otracker1=search&fm=organic&iid=5935f8fc-27fb-4da1-934c-adabb2e9e20c.SHOFD4G3HG8DRYRU.SEARCH&ssid=v72wrtoh6o0000001568520475782&qH=70363420bf22443f
SMASH IND SS 19 Running Shoes For Men,"2,532","4,999",49% off,ADIDAS,True,https://www.flipkart.com/adidas-smash-ind-ss-19-running-shoes-men/p/itmfd3hqepczebh2?pid=SHOFD3HQGYSGWY77&lid=LSTSHOFD3HQGYSGWY77JL9YWO&marketplace=FLIPKART&srno=s_1_11&otracker=search&otracker1=search&fm=organic&iid=6f805b51-a095-4217-ac74-0ca18e070ace.SHOFD3HQGYSGWY77.SEARCH&ssid=v72wrtoh6o0000001568520475782&qH=70363420bf22443f
KYRIS M Running Shoes For Men,"1,990","4,599",56% off,ADIDAS,True,https://www.flipkart.com/adidas-kyris-m-running-shoes-men/p/itmf7g8hvwghrza9?pid=SHOF7G8HBGMWHXMT&lid=LSTSHOF7G8HBGMWHXMTGZRDR8&marketplace=FLIPKART&srno=s_1_12&otracker=search&otracker1=search&fm=organic&iid=584e5971-ea5d-4a29-ae61-9087d538148b.SHOF7G8HBGMWHXMT.SEARCH&ssid=v72wrtoh6o0000001568520475782&qH=70363420bf22443f
HYPERON M SS 19 Running Shoes For Men,"1,799","2,999",40% off,ADIDAS,True,https://www.flipkart.com/adidas-hyperon-m-ss-19-running-shoes-men/p/itmfd3htfyzbskpy?pid=SHOFD3HTJNJXYKSH&lid=LSTSHOFD3HTJNJXYKSHN2NSTM&marketplace=FLIPKART&srno=s_1_13&otracker=search&otracker1=search&fm=organic&iid=ae98458e-f53e-42d8-b8b3-b4fc4ace934c.SHOFD3HTJNJXYKSH.SEARCH&ssid=v72wrtoh6o0000001568520475782&qH=70363420bf22443f
Erdiga 3 M Running Shoes For Men,"2,364","4,299",45% off,ADIDAS,True,https://www.flipkart.com/adidas-erdiga-3-m-running-shoes-men/p/itmfhwpanhwvrghg?pid=SHOFHWPA6CSV2ZVH&lid=LSTSHOFHWPA6CSV2ZVHLPMLKM&marketplace=FLIPKART&srno=s_1_14&otracker=search&otracker1=search&fm=organic&iid=6896ed7e-7e40-46ea-bce5-fc80f2d9dc7c.SHOFHWPA6CSV2ZVH.SEARCH&ssid=v72wrtoh6o0000001568520475782&qH=70363420bf22443f
ADIRAY M Men Running Shoes For Men,"1,650","3,299",49% off,ADIDAS,True,https://www.flipkart.com/adidas-adiray-m-men-running-shoes/p/itmf3yy9kehx3bhj?pid=SHOEGYEKXZUMBSSG&lid=LSTSHOEGYEKXZUMBSSGMC6IZ8&marketplace=FLIPKART&srno=s_1_15&otracker=search&otracker1=search&fm=organic&iid=c0a44717-f868-4c39-8b62-fefb8b72e702.SHOEGYEKXZUMBSSG.SEARCH&ssid=v72wrtoh6o0000001568520475782&qH=70363420bf22443f
DROGO M SS 19 Running Shoes For Men,"1,899","2,699",29% off,ADIDAS,True,https://www.flipkart.com/adidas-drogo-m-ss-19-running-shoes-men/p/itmfd3hugrb2jny7?pid=SHOFD3HUTGHWSBRX&lid=LSTSHOFD3HUTGHWSBRXA3OKTV&marketplace=FLIPKART&srno=s_1_16&otracker=search&otracker1=search&fm=organic&iid=29047a4e-a6e4-4057-abd2-9dd1d9d14f8c.SHOFD3HUTGHWSBRX.SEARCH&ssid=v72wrtoh6o0000001568520475782&qH=70363420bf22443f
PUARO M SS 19 Running Shoes For Men,"2,479","4,999",50% off,ADIDAS,True,https://www.flipkart.com/adidas-puaro-m-ss-19-running-shoes-men/p/itmfd3hqkwf82kyz?pid=SHOFD3HQQHZG9XGG&lid=LSTSHOFD3HQQHZG9XGG6LVGS4&marketplace=FLIPKART&srno=s_1_17&otracker=search&otracker1=search&fm=organic&iid=0a1a1c05-3760-4220-8aeb-18431f445590.SHOFD3HQQHZG9XGG.SEARCH&ssid=v72wrtoh6o0000001568520475782&qH=70363420bf22443f
ASWEERUN Running Shoes For Men,"3,527","5,599",37% off,ADIDAS,True,https://www.flipkart.com/adidas-asweerun-running-shoes-men/p/itmfbzwuuq8fhqs9?pid=SHOFBZQX7ZHCHEWY&lid=LSTSHOFBZQX7ZHCHEWYJSV2FB&marketplace=FLIPKART&srno=s_1_18&otracker=search&otracker1=search&fm=organic&iid=8cd98351-cfae-45ce-8303-d0707a376d6a.SHOFBZQX7ZHCHEWY.SEARCH&ssid=v72wrtoh6o0000001568520475782&qH=70363420bf22443f
ZETA 2.0 M SS 19 Running Shoes For Men,"2,667","4,599",42% off,ADIDAS,True,https://www.flipkart.com/adidas-zeta-2-0-m-ss-19-running-shoes-men/p/itmfd3hugadacg4g?pid=SHOFD3G8THWRH8AH&lid=LSTSHOFD3G8THWRH8AHRZD02D&marketplace=FLIPKART&srno=s_1_19&otracker=search&otracker1=search&fm=organic&iid=4d08d572-95ae-4cd8-b29b-3fa60057f977.SHOFD3G8THWRH8AH.SEARCH&ssid=v72wrtoh6o0000001568520475782&qH=70363420bf22443f
ADISPREE 5.0 M SS 19 Running Shoes For Men,"2,279","3,799",40% off,ADIDAS,True,https://www.flipkart.com/adidas-adispree-5-0-m-ss-19-running-shoes-men/p/itmfd3hrwts22uzf?pid=SHOFD3HR5HND4UH4&lid=LSTSHOFD3HR5HND4UH47TIQKD&marketplace=FLIPKART&srno=s_1_20&otracker=search&otracker1=search&fm=organic&iid=356ab138-7d1f-4706-8c6a-50ef1628631a.SHOFD3HR5HND4UH4.SEARCH&ssid=v72wrtoh6o0000001568520475782&qH=70363420bf22443f
JERZO M SS 19 Running Shoes For Men,"3,338","5,299",37% off,ADIDAS,True,https://www.flipkart.com/adidas-jerzo-m-ss-19-running-shoes-men/p/itmfd3hucbww6pzq?pid=SHOFD4G3RN5T96CA&lid=LSTSHOFD4G3RN5T96CAXTZVDC&marketplace=FLIPKART&srno=s_1_21&otracker=search&otracker1=search&fm=organic&iid=a068ab26-dd1b-4172-b9ae-e8277ae50876.SHOFD4G3RN5T96CA.SEARCH&ssid=v72wrtoh6o0000001568520475782&qH=70363420bf22443f
DURAMO 9 Running Shoes For Men,"3,299","6,599",50% off,ADIDAS,True,https://www.flipkart.com/adidas-duramo-9-running-shoes-men/p/itmf7g8favyhemzg?pid=SHOF7G8FWY7VADXP&lid=LSTSHOF7G8FWY7VADXPJ0YEAP&marketplace=FLIPKART&srno=s_1_22&otracker=search&otracker1=search&fm=organic&iid=4fc1a2a4-4d24-4c14-9898-8aab7e46dec0.SHOF7G8FWY7VADXP.SEARCH&ssid=v72wrtoh6o0000001568520475782&qH=70363420bf22443f
Raddis 1.0 MS Running Shoes For Men,"5,599",NO,NO,ADIDAS,True,https://www.flipkart.com/adidas-raddis-1-0-ms-running-shoes-men/p/itmfhwpcmgmgfrp6?pid=SHOFHWPBHXGHFFHQ&lid=LSTSHOFHWPBHXGHFFHQCBIXWD&marketplace=FLIPKART&srno=s_1_23&otracker=search&otracker1=search&fm=organic&iid=c5fc4636-c6e3-4ab6-a05e-ae6cce057406.SHOFHWPBHXGHFFHQ.SEARCH&ssid=v72wrtoh6o0000001568520475782&qH=70363420bf22443f
FALCON SS 19 Running Shoes For Men,"3,479","5,999",42% off,ADIDAS,True,https://www.flipkart.com/adidas-falcon-ss-19-running-shoes-men/p/itmfd3hwqqfcdfhg?pid=SHOFD3G8HD3SHKN6&lid=LSTSHOFD3G8HD3SHKN6SIYWYY&marketplace=FLIPKART&srno=s_1_24&otracker=search&otracker1=search&fm=organic&iid=83042a7a-ca80-4dc7-91a4-652fccc093dd.SHOFD3G8HD3SHKN6.SEARCH&ssid=v72wrtoh6o0000001568520475782&qH=70363420bf22443f
FASSAR M SS 19 Running Shoes For Men,"2,399","3,999",40% off,ADIDAS,True,https://www.flipkart.com/adidas-fassar-m-ss-19-running-shoes-men/p/itmfd3hrdh74fjdt?pid=SHOFD3HRZXYFSCHM&lid=LSTSHOFD3HRZXYFSCHMGFSROO&marketplace=FLIPKART&srno=s_1_25&otracker=search&otracker1=search&fm=organic&iid=3d0ec941-c7af-4180-88ec-e8b9c0c487de.SHOFD3HRZXYFSCHM.SEARCH&ssid=v72wrtoh6o0000001568520475782&qH=70363420bf22443f
LITE RACER BYD Running Shoes For Men,"3,899","5,999",35% off,ADIDAS,True,https://www.flipkart.com/adidas-lite-racer-byd-running-shoes-men/p/itmf7g8agwg2ejme?pid=SHOF7G8AVMBF9NNZ&lid=LSTSHOF7G8AVMBF9NNZIREWQB&marketplace=FLIPKART&srno=s_1_26&otracker=search&otracker1=search&fm=organic&iid=be3fd5d2-9795-4217-853a-bf804aa946f7.SHOF7G8AVMBF9NNZ.SEARCH&ssid=v72wrtoh6o0000001568520475782&qH=70363420bf22443f
DROGO M SS 19 Running Shoes For Men,"1,899","2,699",29% off,ADIDAS,True,https://www.flipkart.com/adidas-drogo-m-ss-19-running-shoes-men/p/itmfd3hvbfyczzna?pid=SHOFD3HUVPG4G9XD&lid=LSTSHOFD3HUVPG4G9XDN3K0B2&marketplace=FLIPKART&srno=s_1_27&otracker=search&otracker1=search&fm=organic&iid=a290a1ff-52db-4a29-be5d-4c324630eadc.SHOFD3HUVPG4G9XD.SEARCH&ssid=v72wrtoh6o0000001568520475782&qH=70363420bf22443f
ADISPREE 5.0 M SS 19 Running Shoes For Men,"2,279","3,799",40% off,ADIDAS,True,https://www.flipkart.com/adidas-adispree-5-0-m-ss-19-running-shoes-men/p/itmfd3hrgnaxtxpc?pid=SHOFD3HRFD9K3GDA&lid=LSTSHOFD3HRFD9K3GDAXMUYVV&marketplace=FLIPKART&srno=s_1_28&otracker=search&otracker1=search&fm=organic&iid=d3f6f9cf-41a6-4254-a945-a16cfb6cf242.SHOFD3HRFD9K3GDA.SEARCH&ssid=v72wrtoh6o0000001568520475782&qH=70363420bf22443f
Yamo 1.0 M Running Shoe For Men,"2,639","4,799",45% off,ADIDAS,True,https://www.flipkart.com/adidas-yamo-1-0-m-running-shoe-men/p/itmfhwpazwpf5kkg?pid=SHOFHWPAYJQNSASU&lid=LSTSHOFHWPAYJQNSASUQWA3SL&marketplace=FLIPKART&srno=s_1_29&otracker=search&otracker1=search&fm=organic&iid=d22630c4-40f2-4fe2-92c0-bc7be3f5812a.SHOFHWPAYJQNSASU.SEARCH&ssid=v72wrtoh6o0000001568520475782&qH=70363420bf22443f
KIVARO 1 M SS 19 Running Shoes For Men,"2,759","4,599",40% off,ADIDAS,True,https://www.flipkart.com/adidas-kivaro-1-m-ss-19-running-shoes-men/p/itmfd3hr86gyndqf?pid=SHOFD3HRRFEJNMFV&lid=LSTSHOFD3HRRFEJNMFV8RA6X3&marketplace=FLIPKART&srno=s_1_30&otracker=search&otracker1=search&fm=organic&iid=d2e29d92-00ff-47e1-a3d3-730e485bba9d.SHOFD3HRRFEJNMFV.SEARCH&ssid=v72wrtoh6o0000001568520475782&qH=70363420bf22443f
ADISPREE 3 M Running Shoes For Men,"2,199","3,999",45% off,ADIDAS,True,https://www.flipkart.com/adidas-adispree-3-m-running-shoes-men/p/itmf7g8kdaaw9gky?pid=SHOF7G8JATFYFAQC&lid=LSTSHOF7G8JATFYFAQCLEPNEZ&marketplace=FLIPKART&srno=s_1_31&otracker=search&otracker1=search&fm=organic&iid=9c406e50-26ec-456e-ac8a-49baaedd73a9.SHOF7G8JATFYFAQC.SEARCH&ssid=v72wrtoh6o0000001568520475782&qH=70363420bf22443f
SAFIRO M Running Shoe For Men,"1,934","4,299",55% off,ADIDAS,True,https://www.flipkart.com/adidas-safiro-m-running-shoe-men/p/itmf6qzxjk23ymfr?pid=SHOF6QZZ5PVYKHTH&lid=LSTSHOF6QZZ5PVYKHTHZWQMOX&marketplace=FLIPKART&srno=s_1_32&otracker=search&otracker1=search&fm=organic&iid=a95312ab-75dc-4618-8a2a-c688572487dc.SHOF6QZZ5PVYKHTH.SEARCH&ssid=v72wrtoh6o0000001568520475782&qH=70363420bf22443f
HELLION Z M SS 19 Running Shoes For Men,"1,979","3,299",40% off,ADIDAS,True,https://www.flipkart.com/adidas-hellion-z-m-ss-19-running-shoes-men/p/itmfd3hrtc3yswdn?pid=SHOFD3HR8FXZHJSY&lid=LSTSHOFD3HR8FXZHJSYPRVZZF&marketplace=FLIPKART&srno=s_1_33&otracker=search&otracker1=search&fm=organic&iid=13ee482d-d14b-4a68-b4e0-f9cc4d9b503f.SHOFD3HR8FXZHJSY.SEARCH&ssid=v72wrtoh6o0000001568520475782&qH=70363420bf22443f
Men Sneakers For Men,"2,850","4,999",42% off,ADIDAS,True,https://www.flipkart.com/adidas-men-sneakers/p/itmf3xejmebhrcwe?pid=SHOEAYSCTVCD7AEP&lid=LSTSHOEAYSCTVCD7AEPNRY9N7&marketplace=FLIPKART&srno=s_1_34&otracker=search&otracker1=search&fm=organic&iid=12576845-87cf-40c6-85d1-0ccdf0ddf17e.SHOEAYSCTVCD7AEP.SEARCH&ssid=v72wrtoh6o0000001568520475782&qH=70363420bf22443f
LITE RACER CLN SS 19 Running Shoes For Men,"2,529","4,599",45% off,ADIDAS,True,https://www.flipkart.com/adidas-lite-racer-cln-ss-19-running-shoes-men/p/itmfd3hwmspzyctw?pid=SHOFD3HVV9MFEUGG&lid=LSTSHOFD3HVV9MFEUGGQJZUDT&marketplace=FLIPKART&srno=s_1_35&otracker=search&otracker1=search&fm=organic&iid=c1db9497-19b8-42c4-98d7-b403c5d18b8e.SHOFD3HVV9MFEUGG.SEARCH&ssid=v72wrtoh6o0000001568520475782&qH=70363420bf22443f
HELLION Z M Running Shoes For Men,"1,979","3,299",40% off,ADIDAS,True,https://www.flipkart.com/adidas-hellion-z-m-running-shoes-men/p/itmfbzrg7nub67fu?pid=SHOFBZQWZK2USVGH&lid=LSTSHOFBZQWZK2USVGH0MZD3W&marketplace=FLIPKART&srno=s_1_36&otracker=search&otracker1=search&fm=organic&iid=391c0000-9eb4-4b40-9fad-5dc53847f5b5.SHOFBZQWZK2USVGH.SEARCH&ssid=v72wrtoh6o0000001568520475782&qH=70363420bf22443f
ADISPREE 5.0 M SS 19 Running Shoes For Men,"2,279","3,799",40% off,ADIDAS,True,https://www.flipkart.com/adidas-adispree-5-0-m-ss-19-running-shoes-men/p/itmfd3htexmyjmp4?pid=SHOFD3HUWYH8BMZ9&lid=LSTSHOFD3HUWYH8BMZ9NDN0H2&marketplace=FLIPKART&srno=s_1_37&otracker=search&otracker1=search&fm=organic&iid=33f51da6-6bbb-4f6c-b377-fec8899b6a4e.SHOFD3HUWYH8BMZ9.SEARCH&ssid=v72wrtoh6o0000001568520475782&qH=70363420bf22443f
KYRIS 4.0 MS Running Shoes For Men,"2,579","4,299",40% off,ADIDAS,True,https://www.flipkart.com/adidas-kyris-4-0-ms-running-shoes-men/p/itmfhwpbpfanpq8p?pid=SHOFHWPBXZYG8ZUT&lid=LSTSHOFHWPBXZYG8ZUT0QLB8F&marketplace=FLIPKART&srno=s_1_38&otracker=search&otracker1=search&fm=organic&iid=bf812448-9cfc-4408-90f3-83b604eb4796.SHOFHWPBXZYG8ZUT.SEARCH&ssid=v72wrtoh6o0000001568520475782&qH=70363420bf22443f
STARGON 1.0 M SS 19 Running Shoes For Men,"2,708","4,299",37% off,ADIDAS,True,https://www.flipkart.com/adidas-stargon-1-0-m-ss-19-running-shoes-men/p/itmfd3ht3urmxtcx?pid=SHOFD3HUCRCZNFNG&lid=LSTSHOFD3HUCRCZNFNGBV6O0R&marketplace=FLIPKART&srno=s_1_39&otracker=search&otracker1=search&fm=organic&iid=87c4d645-2920-4faa-bb6c-54536f59ba82.SHOFD3HUCRCZNFNG.SEARCH&ssid=v72wrtoh6o0000001568520475782&qH=70363420bf22443f
YAMO 1.0 M Running Shoes For Men,"2,222","4,799",53% off,ADIDAS,True,https://www.flipkart.com/adidas-yamo-1-0-m-running-shoes-men/p/itmf7g8h4nhzwz6d?pid=SHOF7G8HAFQMSSR6&lid=LSTSHOF7G8HAFQMSSR64ISSJB&marketplace=FLIPKART&srno=s_1_40&otracker=search&otracker1=search&fm=organic&iid=939b37b3-ba8b-4520-94aa-b705d759ff34.SHOF7G8HAFQMSSR6.SEARCH&ssid=v72wrtoh6o0000001568520475782&qH=70363420bf22443f
JEISE M Running Shoes For Men,"3,999",NO,NO,ADIDAS,True,https://www.flipkart.com/adidas-jeise-m-running-shoes-men/p/itmf3yyrevjhrzvf?pid=SHOFFF6ZATMWCU6S&lid=LSTSHOFFF6ZATMWCU6SYKGWC6&marketplace=FLIPKART&srno=s_1_1&otracker=search&otracker1=search&fm=organic&iid=5c309972-32ba-4c85-a108-6f5e04f120b7.SHOFFF6ZATMWCU6S.SEARCH&ssid=h7tms8ez400000001568520488194&qH=47f8ba5c10136d89
LITE RACER Running Shoes For Men,"2,399","3,999",40% off,ADIDAS,True,https://www.flipkart.com/adidas-lite-racer-running-shoes-men/p/itmf6qz7zhuykr4n?pid=SHOF6QY6SHWGHYGV&lid=LSTSHOF6QY6SHWGHYGVF3HHRU&marketplace=FLIPKART&srno=s_1_2&otracker=search&otracker1=search&fm=organic&iid=0d23109e-d1e7-41ce-8ea6-8820a043803b.SHOF6QY6SHWGHYGV.SEARCH&ssid=h7tms8ez400000001568520488194&qH=47f8ba5c10136d89
CLOUDFOAM ULTIMATE Running Shoes For Men,"3,999","7,999",50% off,ADIDAS,True,https://www.flipkart.com/adidas-cloudfoam-ultimate-running-shoes-men/p/itmf7g8edpjvwcam?pid=SHOF7G8DBMSGZSYJ&lid=LSTSHOF7G8DBMSGZSYJX9USKL&marketplace=FLIPKART&srno=s_1_3&otracker=search&otracker1=search&fm=organic&iid=55b59a92-6f57-44f7-bac6-6cad4af1771b.SHOF7G8DBMSGZSYJ.SEARCH&ssid=h7tms8ez400000001568520488194&qH=47f8ba5c10136d89
Running Shoes For Men,"3,999",NO,NO,ADIDAS,False,https://www.flipkart.com/adidas-running-shoes-men/p/itmfa723q8zk2hzg?pid=SHOFA6YAVZ7RDZ2U&lid=LSTSHOFA6YAVZ7RDZ2U4FDI4D&marketplace=FLIPKART&srno=s_1_4&otracker=search&otracker1=search&fm=organic&iid=c1b567d9-8c0c-4df8-b946-86ff22f6984f.SHOFA6YAVZ7RDZ2U.SEARCH&ssid=h7tms8ez400000001568520488194&qH=47f8ba5c10136d89
Running Shoes For Men,"3,999",NO,NO,ADIDAS,True,https://www.flipkart.com/adidas-running-shoes-men/p/itmfdympm4d8fyme?pid=SHOFJXYFMG6VBMYJ&lid=LSTSHOFJXYFMG6VBMYJQO3YPH&marketplace=FLIPKART&srno=s_1_5&otracker=search&otracker1=search&fm=organic&iid=8e764936-e812-4326-8e44-f9c1fe2299b6.SHOFJXYFMG6VBMYJ.SEARCH&ssid=h7tms8ez400000001568520488194&qH=47f8ba5c10136d89
HACHI 1.0 M Men Running Shoes For Men,"3,999",NO,NO,ADIDAS,True,https://www.flipkart.com/adidas-hachi-1-0-m-men-running-shoes/p/itmf3yy8nfk76qha?pid=SHOEGDSUYUEDBX6H&lid=LSTSHOEGDSUYUEDBX6HX8773W&marketplace=FLIPKART&srno=s_1_6&otracker=search&otracker1=search&fm=organic&iid=6f53dfd3-ba6e-4dbf-8f8d-07fbb3cab8d6.SHOEGDSUYUEDBX6H.SEARCH&ssid=h7tms8ez400000001568520488194&qH=47f8ba5c10136d89
Arina M Running Shoes For Men,"3,999",NO,NO,ADIDAS,True,https://www.flipkart.com/adidas-arina-m-running-shoes-men/p/itmf3xfzqpcyv9tw?pid=SHODVN2YWDHQF8NV&lid=LSTSHODVN2YWDHQF8NV6VYBLX&marketplace=FLIPKART&srno=s_1_7&otracker=search&otracker1=search&fm=organic&iid=86176d57-24c8-44cf-94c8-6424a9dde45e.SHODVN2YWDHQF8NV.SEARCH&ssid=h7tms8ez400000001568520488194&qH=47f8ba5c10136d89
ADI PACER 1.0 M Running Shoes For Men,"3,999",NO,NO,ADIDAS,True,https://www.flipkart.com/adidas-adi-pacer-1-0-m-running-shoes-men/p/itmf3xnwegersrea?pid=SHOEMGJVYGSTECTA&lid=LSTSHOEMGJVYGSTECTA40KQPB&marketplace=FLIPKART&srno=s_1_8&otracker=search&otracker1=search&fm=organic&iid=edcf663c-24c6-4995-a5c0-afa3611ed42f.SHOEMGJVYGSTECTA.SEARCH&ssid=h7tms8ez400000001568520488194&qH=47f8ba5c10136d89
LITE RACER Running Shoes For Men,"3,999",NO,NO,ADIDAS,True,https://www.flipkart.com/adidas-lite-racer-running-shoes-men/p/itmf3xzykstg7zhc?pid=SHOFFF6UGVHH4FPR&lid=LSTSHOFFF6UGVHH4FPRHG2JS5&marketplace=FLIPKART&srno=s_1_9&otracker=search&otracker1=search&fm=organic&iid=ed76abb0-de1e-43da-9b0c-9a0de20ee881.SHOFFF6UGVHH4FPR.SEARCH&ssid=h7tms8ez400000001568520488194&qH=47f8ba5c10136d89
Running Shoes For Men,"3,999","7,999",50% off,ADIDAS,True,https://www.flipkart.com/adidas-running-shoes-men/p/itmf5hfkrmjggkvy?pid=SHOF5HFKJQJMZRZN&lid=LSTSHOF5HFKJQJMZRZNJCU5FR&marketplace=FLIPKART&srno=s_1_10&otracker=search&otracker1=search&fm=organic&iid=b9c45c13-d7a6-4951-8eb0-c5e7fe4da925.SHOF5HFKJQJMZRZN.SEARCH&ssid=h7tms8ez400000001568520488194&qH=47f8ba5c10136d89
SOLYX M Running Shoes For Men,"3,999","7,999",50% off,ADIDAS,True,https://www.flipkart.com/adidas-solyx-m-running-shoes-men/p/itmf3xzyxenaassn?pid=SHOFFF6TXD8ZGRQQ&lid=LSTSHOFFF6TXD8ZGRQQ4Q3HD2&marketplace=FLIPKART&srno=s_1_11&otracker=search&otracker1=search&fm=organic&iid=26fc0d86-eadd-4f8a-a667-41a4165baf63.SHOFFF6TXD8ZGRQQ.SEARCH&ssid=h7tms8ez400000001568520488194&qH=47f8ba5c10136d89
Mens Running Shoes Training & Gym Shoes For Men,"3,999","7,999",50% off,ADIDAS,False,https://www.flipkart.com/adidas-mens-running-shoes-training-gym-men/p/itm05f7dfab34ca0?pid=SHOFJFUNWXUUE76A&lid=LSTSHOFJFUNWXUUE76AIZL66L&marketplace=FLIPKART&srno=s_1_12&otracker=search&otracker1=search&fm=organic&iid=2a1364d0-6525-4ad6-b375-4a5a4987b668.SHOFJFUNWXUUE76A.SEARCH&ssid=h7tms8ez400000001568520488194&qH=47f8ba5c10136d89
Running Shoes For Men,"3,999","8,999",55% off,air sport,False,https://www.flipkart.com/air-sport-running-shoes-men/p/itme01c8860546b0?pid=SHOFK8793EB58VGB&lid=LSTSHOFK8793EB58VGBIGVIDG&marketplace=FLIPKART&srno=s_1_13&otracker=search&otracker1=search&fm=organic&iid=0c2f585a-7888-4b52-b416-05ab8a92e5bd.SHOFK8793EB58VGB.SEARCH&ssid=h7tms8ez400000001568520488194&qH=47f8ba5c10136d89
ADISTARK 1.0 Running Shoes For Men,"2,000","3,999",49% off,ADIDAS,True,https://www.flipkart.com/adidas-adistark-1-0-running-shoes-men/p/itmf3yyefwyhhtbp?pid=SHOER6GVGKQ9NUHA&lid=LSTSHOER6GVGKQ9NUHA1MEUVU&marketplace=FLIPKART&srno=s_1_14&otracker=search&otracker1=search&fm=organic&iid=4f455cd3-4849-4f3f-9fcd-e13adec040ee.SHOER6GVGKQ9NUHA.SEARCH&ssid=h7tms8ez400000001568520488194&qH=47f8ba5c10136d89
Quickspike MS Running Shoes For Men,"3,999",NO,NO,ADIDAS,True,https://www.flipkart.com/adidas-quickspike-ms-running-shoes-men/p/itmfhwpbybh83xyp?pid=SHOFHWPAKGK28XTW&lid=LSTSHOFHWPAKGK28XTWZZNB5Y&marketplace=FLIPKART&srno=s_1_15&otracker=search&otracker1=search&fm=organic&iid=501fc8a2-8930-4a70-b430-392a48da2ecb.SHOFHWPAKGK28XTW.SEARCH&ssid=h7tms8ez400000001568520488194&qH=47f8ba5c10136d89
QUESTAR BYD Running Shoes For Men,"3,999","7,999",50% off,ADIDAS,True,https://www.flipkart.com/adidas-questar-byd-running-shoes-men/p/itmf7g8etceg4jhg?pid=SHOF7G8ECJKQFYHG&lid=LSTSHOF7G8ECJKQFYHG41410C&marketplace=FLIPKART&srno=s_1_16&otracker=search&otracker1=search&fm=organic&iid=0d0a54d5-4be8-4d9a-8345-b93afab416de.SHOF7G8ECJKQFYHG.SEARCH&ssid=h7tms8ez400000001568520488194&qH=47f8ba5c10136d89
ADI PACER ELITE M Running Shoes For Men,"3,999",NO,NO,ADIDAS,True,https://www.flipkart.com/adidas-adi-pacer-elite-m-running-shoes-men/p/itmf3yyg27hchwyh?pid=SHOESR5QRY9AHY5P&lid=LSTSHOESR5QRY9AHY5PQA0II1&marketplace=FLIPKART&srno=s_1_17&otracker=search&otracker1=search&fm=organic&iid=6b459bf7-e227-40b8-8b29-411d748ae307.SHOESR5QRY9AHY5P.SEARCH&ssid=h7tms8ez400000001568520488194&qH=47f8ba5c10136d89
Quickspike MS Running Shoes For Men,"3,999",NO,NO,ADIDAS,True,https://www.flipkart.com/adidas-quickspike-ms-running-shoes-men/p/itmfhwpbsgn7pxsy?pid=SHOFHWPBYHAUASHU&lid=LSTSHOFHWPBYHAUASHUJKG02E&marketplace=FLIPKART&srno=s_1_18&otracker=search&otracker1=search&fm=organic&iid=ae677059-6e74-4b22-8645-9bce61f0be2d.SHOFHWPBYHAUASHU.SEARCH&ssid=h7tms8ez400000001568520488194&qH=47f8ba5c10136d89
ADISPREE 4 (CJ8008) Running Shoes For Men,"2,999","3,999",25% off,ADIDAS,False,https://www.flipkart.com/adidas-adispree-4-cj8008-running-shoes-men/p/itmffajdq8t8wayr?pid=SHOFF9Q4HWSJWAH5&lid=LSTSHOFF9Q4HWSJWAH5SGAI9B&marketplace=FLIPKART&srno=s_1_19&otracker=search&otracker1=search&fm=organic&iid=c52a74fb-aa95-439f-86c9-d44df72317c2.SHOFF9Q4HWSJWAH5.SEARCH&ssid=h7tms8ez400000001568520488194&qH=47f8ba5c10136d89
ERDIGA M Running Shoes For Men,"3,999",NO,NO,ADIDAS,True,https://www.flipkart.com/adidas-erdiga-m-running-shoes-men/p/itmf3yygfz9g9hqy?pid=SHOESR5P8APMHW7J&lid=LSTSHOESR5P8APMHW7JXRLIN3&marketplace=FLIPKART&srno=s_1_20&otracker=search&otracker1=search&fm=organic&iid=ec4b4cff-8a6b-4b67-a206-7cdd9260dd67.SHOESR5P8APMHW7J.SEARCH&ssid=h7tms8ez400000001568520488194&qH=47f8ba5c10136d89
TENNIS HASE SHOES Running Shoes For Men,"3,999",NO,NO,ADIDAS,False,https://www.flipkart.com/adidas-tennis-hase-shoes-running-men/p/itmfb7zwwjhyvwxc?pid=SHOFB6R5GSK5ZTXM&lid=LSTSHOFB6R5GSK5ZTXMZMODYF&marketplace=FLIPKART&srno=s_1_21&otracker=search&otracker1=search&fm=organic&iid=e879e3f1-66d3-49bf-bd89-c464bc060e07.SHOFB6R5GSK5ZTXM.SEARCH&ssid=h7tms8ez400000001568520488194&qH=47f8ba5c10136d89
CI9827 Running Shoes For Men,"3,999","5,999",33% off,ADIDAS,False,https://www.flipkart.com/adidas-ci9827-running-shoes-men/p/itmfdjmcqz8thswz?pid=SHOFDJAKSFZ8UAJ7&lid=LSTSHOFDJAKSFZ8UAJ71KTD0V&marketplace=FLIPKART&srno=s_1_22&otracker=search&otracker1=search&fm=organic&iid=579a66a9-9adb-4310-ba38-e79e30bfc112.SHOFDJAKSFZ8UAJ7.SEARCH&ssid=h7tms8ez400000001568520488194&qH=47f8ba5c10136d89
ERDIGA 10 Running Shoes For Men,"3,999",NO,NO,ADIDAS,True,https://www.flipkart.com/adidas-erdiga-10-running-shoes-men/p/itmf3yyke2qhavzu?pid=SHOEWHYAG9VHA2RZ&lid=LSTSHOEWHYAG9VHA2RZS1YKPZ&marketplace=FLIPKART&srno=s_1_23&otracker=search&otracker1=search&fm=organic&iid=e8dd4bfc-a5c5-48db-8ca2-019aebba8acb.SHOEWHYAG9VHA2RZ.SEARCH&ssid=h7tms8ez400000001568520488194&qH=47f8ba5c10136d89
CLOUDFOAM ULTIMATE Running Shoes For Men,"3,999","7,999",50% off,ADIDAS NEO,True,https://www.flipkart.com/adidas-neo-cloudfoam-ultimate-running-shoes-men/p/itmf3yyjt6tz2h3v?pid=SHOEVMGFJUPHUCE2&lid=LSTSHOEVMGFJUPHUCE2F9LO9P&marketplace=FLIPKART&srno=s_1_24&otracker=search&otracker1=search&fm=organic&iid=9faa329f-9e6a-42cf-9629-5e5cbca9429e.SHOEVMGFJUPHUCE2.SEARCH&ssid=h7tms8ez400000001568520488194&qH=47f8ba5c10136d89
ELEMENT RACE Running Shoes For Men,"3,079","5,599",45% off,ADIDAS,True,https://www.flipkart.com/adidas-element-race-running-shoes-men/p/itmf3xzys5svmhh8?pid=SHOFFF6U8GEUUNHY&lid=LSTSHOFFF6U8GEUUNHY3MS6AQ&marketplace=FLIPKART&srno=s_1_25&otracker=search&otracker1=search&fm=organic&iid=245041a6-272d-4b80-9297-82e57d6105e2.SHOFFF6U8GEUUNHY.SEARCH&ssid=h7tms8ez400000001568520488194&qH=47f8ba5c10136d89
Yeezy Boost 700 Inertia Running Shoes For Men,"3,990","6,890",42% off,Bandulo,False,https://www.flipkart.com/bandulo-yeezy-boost-700-inertia-running-shoes-men/p/itmedf5d4937e02f?pid=SHOFK65TZHFMEMAV&lid=LSTSHOFK65TZHFMEMAVA46MK4&marketplace=FLIPKART&srno=s_1_26&otracker=search&otracker1=search&fm=organic&iid=b429bea6-1957-46bd-9f57-8392e2aa9265.SHOFK65TZHFMEMAV.SEARCH&ssid=h7tms8ez400000001568520488194&qH=47f8ba5c10136d89
TENNIS HASE SHOES Running Shoes For Men,"3,999",NO,NO,ADIDAS,False,https://www.flipkart.com/adidas-tennis-hase-shoes-running-men/p/itmffv353uazdjhb?pid=SHOFFUS67H2BGUZF&lid=LSTSHOFFUS67H2BGUZFY5PKWL&marketplace=FLIPKART&srno=s_1_27&otracker=search&otracker1=search&fm=organic&iid=0c9d0712-6ad0-4d67-8853-df3b245b783d.SHOFFUS67H2BGUZF.SEARCH&ssid=h7tms8ez400000001568520488194&qH=47f8ba5c10136d89
TENNIS HASE SHOES Running Shoes For Men,"3,999",NO,NO,ADIDAS,False,https://www.flipkart.com/adidas-tennis-hase-shoes-running-men/p/itmffv35yvqpyraz?pid=SHOFFUS6C2MHZCEV&lid=LSTSHOFFUS6C2MHZCEVU72WHL&marketplace=FLIPKART&srno=s_1_28&otracker=search&otracker1=search&fm=organic&iid=0db41dbe-20be-4817-964e-3b3810a893cb.SHOFFUS6C2MHZCEV.SEARCH&ssid=h7tms8ez400000001568520488194&qH=47f8ba5c10136d89
ADISTARK 1.0 M Running Shoes For Men,"2,799","3,999",30% off,ADIDAS,False,https://www.flipkart.com/adidas-adistark-1-0-m-running-shoes-men/p/itmf3xvqydknz8ez?pid=SHOF2Z2Y4A9N8GU9&lid=LSTSHOF2Z2Y4A9N8GU9O5POAG&marketplace=FLIPKART&srno=s_1_29&otracker=search&otracker1=search&fm=organic&iid=1160959c-efc9-446b-8af8-01ac76a4b70d.SHOF2Z2Y4A9N8GU9.SEARCH&ssid=h7tms8ez400000001568520488194&qH=47f8ba5c10136d89
QUESTAR RIDE Running Shoes For Men,"3,999","7,999",50% off,ADIDAS,False,https://www.flipkart.com/adidas-questar-ride-running-shoes-men/p/itm8232a3a29e6c9?pid=SHOFJ582AH6SRYZV&lid=LSTSHOFJ582AH6SRYZVDAWKGY&marketplace=FLIPKART&srno=s_1_30&otracker=search&otracker1=search&fm=organic&iid=9cf9c9c1-1e45-4ec8-ba89-2be8f8ea2c5d.SHOFJ582AH6SRYZV.SEARCH&ssid=h7tms8ez400000001568520488194&qH=47f8ba5c10136d89
Running Shoes For Men,"3,999","7,999",50% off,ADIDAS,False,https://www.flipkart.com/adidas-running-shoes-men/p/itm96634b136e8f9?pid=SHOFJFXWCEZWUUQX&lid=LSTSHOFJFXWCEZWUUQXZ25P4I&marketplace=FLIPKART&srno=s_1_31&otracker=search&otracker1=search&fm=organic&iid=42abb520-68e8-446c-8b59-f2ee3ffe71ac.SHOFJFXWCEZWUUQX.SEARCH&ssid=h7tms8ez400000001568520488194&qH=47f8ba5c10136d89
Running Shoes For Men,"2,499","4,999",50% off,ADIDAS,False,https://www.flipkart.com/adidas-running-shoes-men/p/itm48de39a820e07?pid=SHOFJFXYVBZKCYGZ&lid=LSTSHOFJFXYVBZKCYGZFJRBFC&marketplace=FLIPKART&srno=s_1_32&otracker=search&otracker1=search&fm=organic&iid=04c2c733-8e3e-429a-9589-ad2dcbb0d354.SHOFJFXYVBZKCYGZ.SEARCH&ssid=h7tms8ez400000001568520488194&qH=47f8ba5c10136d89
Aerobounce Racer M Running Shoes For Men,"3,999","7,999",50% off,ADIDAS,False,https://www.flipkart.com/adidas-aerobounce-racer-m-running-shoes-men/p/itm37f479296381e?pid=SHOFJFXMG2JB89QD&lid=LSTSHOFJFXMG2JB89QDPZK8NJ&marketplace=FLIPKART&srno=s_1_33&otracker=search&otracker1=search&fm=organic&iid=1862c546-182e-4156-8cf0-58681cf74ce3.SHOFJFXMG2JB89QD.SEARCH&ssid=h7tms8ez400000001568520488194&qH=47f8ba5c10136d89
Running Shoes For Men,"3,999","9,999",60% off,ADIDAS,True,https://www.flipkart.com/adidas-running-shoes-men/p/itmc4b582e213971?pid=SHOFJ55GQCGC5YYW&lid=LSTSHOFJ55GQCGC5YYW4PV7KE&marketplace=FLIPKART&srno=s_1_34&otracker=search&otracker1=search&fm=organic&iid=aa9fb880-9f04-48dd-b396-628bd0c7fcfb.SHOFJ55GQCGC5YYW.SEARCH&ssid=h7tms8ez400000001568520488194&qH=47f8ba5c10136d89
Duramo 8 M Running Shoes For Men,"3,999","7,999",50% off,ADIDAS,False,https://www.flipkart.com/adidas-duramo-8-m-running-shoes-men/p/itm4cfb214867988?pid=SHOFJFUZ2EBKHUGM&lid=LSTSHOFJFUZ2EBKHUGMGIBGSE&marketplace=FLIPKART&srno=s_1_35&otracker=search&otracker1=search&fm=organic&iid=bdcff112-ca73-42be-9b02-f06d35f96ddf.SHOFJFUZ2EBKHUGM.SEARCH&ssid=h7tms8ez400000001568520488194&qH=47f8ba5c10136d89
Running Shoes For Men,"3,999","7,999",50% off,ADIDAS,False,https://www.flipkart.com/adidas-running-shoes-men/p/itm950c71de21d66?pid=SHOFJFXFHGYWNYQZ&lid=LSTSHOFJFXFHGYWNYQZPOKSOD&marketplace=FLIPKART&srno=s_1_36&otracker=search&otracker1=search&fm=organic&iid=2bb58290-1238-44dc-99a3-5c0acd4811c8.SHOFJFXFHGYWNYQZ.SEARCH&ssid=h7tms8ez400000001568520488194&qH=47f8ba5c10136d89
PUREBOOST DPR Running Shoes For Men,"7,149","12,999",45% off,ADIDAS,True,https://www.flipkart.com/adidas-pureboost-dpr-running-shoes-men/p/itmf3xxgzc3gyr2h?pid=SHOFFF6SPYWTHZPJ&lid=LSTSHOFFF6SPYWTHZPJIAPYY0&marketplace=FLIPKART&srno=s_1_37&otracker=search&otracker1=search&fm=organic&iid=11949bf9-03f2-44e2-85b7-201857ecde23.SHOFFF6SPYWTHZPJ.SEARCH&ssid=h7tms8ez400000001568520488194&qH=47f8ba5c10136d89
SUPERNOVA ST M Running Shoes For Men,"6,299","13,999",55% off,ADIDAS,True,https://www.flipkart.com/adidas-supernova-st-m-running-shoes-men/p/itmf3xq5ufnadzgm?pid=SHOER6GWFFD8J8HG&lid=LSTSHOER6GWFFD8J8HGRXQWPY&marketplace=FLIPKART&srno=s_1_38&otracker=search&otracker1=search&fm=organic&iid=e32340b2-9367-47de-9c46-1b9dbaaf64e3.SHOER6GWFFD8J8HG.SEARCH&ssid=h7tms8ez400000001568520488194&qH=47f8ba5c10136d89
Prophere Black White Running Shoes For Men,"2,990","8,990",66% off,The Lebron,False,https://www.flipkart.com/lebron-prophere-black-white-running-shoes-men/p/itm045cd6aebc0b6?pid=SHOFJXFXCPBMWG9T&lid=LSTSHOFJXFXCPBMWG9T9DNTYH&marketplace=FLIPKART&srno=s_1_39&otracker=search&otracker1=search&fm=organic&iid=7504786c-c9d6-4bc8-b589-78de14dedee4.SHOFJXFXCPBMWG9T.SEARCH&ssid=h7tms8ez400000001568520488194&qH=47f8ba5c10136d89
Duramo 8 M Running Shoes For Men,"3,999","7,999",50% off,ADIDAS,False,https://www.flipkart.com/adidas-duramo-8-m-running-shoes-men/p/itm7722a2fa7a3a8?pid=SHOFJFWQZGQ9BXKY&lid=LSTSHOFJFWQZGQ9BXKYBMVLG1&marketplace=FLIPKART&srno=s_1_40&otracker=search&otracker1=search&fm=organic&iid=c66614df-79fc-43f3-bf29-885d4ffefa33.SHOFJFWQZGQ9BXKY.SEARCH&ssid=h7tms8ez400000001568520488194&qH=47f8ba5c10136d89
Running Shoes For Women,"2,700","5,999",54% off,Puma,True,https://www.flipkart.com/puma-running-shoes-women/p/itmf3xmazy4eqyst?pid=SHOF3XMAW3HGCH7R&lid=LSTSHOF3XMAW3HGCH7RPBMPON&marketplace=FLIPKART&srno=s_1_1&otracker=search&otracker1=search&fm=organic&iid=en_J%2FMHS5IvHboKJlw1bZ%2BT8XQERI6noa9xj5kbJdILlUxu2Pfp955%2BtrfhHU7b26ZFVoPg37JJ6c0aHFslZ66Rcg%3D%3D&ssid=yhz8s4pejk0000001568520492887&qH=fb2c617de801b9f1
INTERFLEX Runner Bridal Rose-Yellow Aler Running Shoes ...,"3,499",NO,NO,Puma,False,https://www.flipkart.com/puma-interflex-runner-bridal-rose-yellow-aler-running-shoes-women/p/itmfhshtgzhzytk8?pid=SHOFHSHSRPCJCJVU&lid=LSTSHOFHSHSRPCJCJVUIKFM1E&marketplace=FLIPKART&srno=s_1_2&otracker=search&otracker1=search&fm=organic&iid=en_J%2FMHS5IvHboKJlw1bZ%2BT8XQERI6noa9xj5kbJdILlUyrstXwSCx0ICK8pRI47Gd7vULJBdzg6GVzVqLaWP63oA%3D%3D&ssid=yhz8s4pejk0000001568520492887&qH=fb2c617de801b9f1
Oxygen Running Shoes For Men,459,999,54% off,Beerock,True,https://www.flipkart.com/beerock-oxygen-running-shoes-men/p/itmfhgh9snhtrjae?pid=SHOEGWUDHHGQZTGM&lid=LSTSHOEGWUDHHGQZTGM2K1BGB&marketplace=FLIPKART&srno=s_1_3&otracker=search&otracker1=search&fm=organic&iid=5d1073d1-0590-4ce9-8247-bd1f67da6c17.SHOEGWUDHHGQZTGM.SEARCH&ssid=yhz8s4pejk0000001568520492887&qH=fb2c617de801b9f1
WNDR-13 Running Shoes For Men,499,599,16% off,Asian,True,https://www.flipkart.com/asian-wndr-13-running-shoes-men/p/itmff96xgyjjf3fx?pid=SHOF3KF5HXEZE5FN&lid=LSTSHOF3KF5HXEZE5FNUTJLDA&marketplace=FLIPKART&srno=s_1_4&otracker=search&otracker1=search&fm=organic&iid=a7967b8d-df45-4d1c-a2b9-77752e416f35.SHOF3KF5HXEZE5FN.SEARCH&ssid=yhz8s4pejk0000001568520492887&qH=fb2c617de801b9f1
"Mesh Running Shoes ,Cricket Shoes Running Shoes For Men...",429,999,57% off,MILESWALKER,True,https://www.flipkart.com/mileswalker-mesh-running-shoes-cricket-men-black/p/itmfgfz2wfujtuxg?pid=SHOFGFH4ZJCQNEXF&lid=LSTSHOFGFH4ZJCQNEXFTDSSCY&marketplace=FLIPKART&srno=s_1_5&otracker=search&otracker1=search&fm=organic&iid=e9b30d49-0441-4678-b24c-3ea1a0d87280.SHOFGFH4ZJCQNEXF.SEARCH&ssid=yhz8s4pejk0000001568520492887&qH=fb2c617de801b9f1
Mesh Running Shoes For Men,389,999,61% off,Layasa,True,https://www.flipkart.com/layasa-mesh-running-shoes-men/p/itmfcabbgm8wbagh?pid=SHOFC8RTPYCUZUHR&lid=LSTSHOFC8RTPYCUZUHRHHCGJQ&marketplace=FLIPKART&spotlightTagId=TrendingId_osp&srno=s_1_6&otracker=search&otracker1=search&fm=organic&iid=f73c663e-bb72-45b7-afb3-c90edc816f94.SHOFC8RTPYCUZUHR.SEARCH&ssid=yhz8s4pejk0000001568520492887&qH=fb2c617de801b9f1
SM-421 Running Shoes For Men,828,"1,049",21% off,Sparx,True,https://www.flipkart.com/sparx-sm-421-running-shoes-men/p/itm261c0badf87bf?pid=SHOF9GHWGNGCY4KQ&lid=LSTSHOF9GHWGNGCY4KQUUL65F&marketplace=FLIPKART&srno=s_1_7&otracker=search&otracker1=search&fm=organic&iid=95c8c3de-b500-4c47-ab4d-eaf5ca40cc24.SHOF9GHWGNGCY4KQ.SEARCH&ssid=yhz8s4pejk0000001568520492887&qH=fb2c617de801b9f1
SM-397 Running Shoes For Men,789,999,21% off,Sparx,True,https://www.flipkart.com/sparx-sm-397-running-shoes-men/p/itmf8g7h4w4h7yaq?pid=SHOF8CCSZYF24RBY&lid=LSTSHOF8CCSZYF24RBYKQ3O6G&marketplace=FLIPKART&srno=s_1_8&otracker=search&otracker1=search&fm=organic&iid=29bdc704-2954-4080-aba1-c2e96e0e125c.SHOF8CCSZYF24RBY.SEARCH&ssid=yhz8s4pejk0000001568520492887&qH=fb2c617de801b9f1
Mesh Running Shoes For Men,389,999,61% off,Layasa,True,https://www.flipkart.com/layasa-mesh-running-shoes-men/p/itmfcabb7xmgvstr?pid=SHOFC8RTZAYZK9QZ&lid=LSTSHOFC8RTZAYZK9QZASRJCG&marketplace=FLIPKART&srno=s_1_9&otracker=search&otracker1=search&fm=organic&iid=145604e8-6572-4246-9ce1-81c5c098d2c5.SHOFC8RTZAYZK9QZ.SEARCH&ssid=yhz8s4pejk0000001568520492887&qH=fb2c617de801b9f1
"Cosco Navy Blue Gym Shoes,Training Shoes,Hockey Shoes,V...",584,999,41% off,Asian,True,https://www.flipkart.com/asian-cosco-navy-blue-gym-shoes-training-shoes-hockey-shoes-volleyball-shoes-sports-shoes-walking-shoes-running-shoes-running-men/p/itmfe37fzu48vnye?pid=SHOF78HRVYFPAKAA&lid=LSTSHOF78HRVYFPAKAAJ1UMY4&marketplace=FLIPKART&srno=s_1_10&otracker=search&otracker1=search&fm=organic&iid=611ad7f5-382d-4738-981b-34e2dfbe5494.SHOF78HRVYFPAKAA.SEARCH&ssid=yhz8s4pejk0000001568520492887&qH=fb2c617de801b9f1
Oxygen Running Shoes For Men,459,999,54% off,Beerock,True,https://www.flipkart.com/beerock-oxygen-running-shoes-men/p/itmfhgh9zzebefbw?pid=SHOEGWUDACNVUFG9&lid=LSTSHOEGWUDACNVUFG9DS8PBM&marketplace=FLIPKART&srno=s_1_11&otracker=search&otracker1=search&fm=organic&iid=7482007c-edf4-4597-af5e-9dbef094def0.SHOEGWUDACNVUFG9.SEARCH&ssid=yhz8s4pejk0000001568520492887&qH=fb2c617de801b9f1
ROYCE Running Shoes For Men,891,"1,049",15% off,Campus,True,https://www.flipkart.com/campus-royce-running-shoes-men/p/itm95079a5f93a98?pid=SHOFEHZGKEVZNFUY&lid=LSTSHOFEHZGKEVZNFUYMLBL2T&marketplace=FLIPKART&srno=s_1_12&otracker=search&otracker1=search&fm=organic&iid=f04890cc-b5ef-4ce4-aeff-f1f162172d7f.SHOFEHZGKEVZNFUY.SEARCH&ssid=yhz8s4pejk0000001568520492887&qH=fb2c617de801b9f1
Running Shoes For Men,493,999,50% off,Adza,True,https://www.flipkart.com/adza-running-shoes-men/p/itmf3xz4rpvydgax?pid=SHOF3BHPY3QJBJ4M&lid=LSTSHOF3BHPY3QJBJ4MPANESY&marketplace=FLIPKART&srno=s_1_13&otracker=search&otracker1=search&fm=organic&iid=d887047a-f92c-46ea-b54a-dd7620090144.SHOF3BHPY3QJBJ4M.SEARCH&ssid=yhz8s4pejk0000001568520492887&qH=fb2c617de801b9f1
NRGY Asteroid Running Shoes For Men,"3,999",NO,NO,Puma,False,https://www.flipkart.com/puma-nrgy-asteroid-running-shoes-men/p/itmfhsjfmhzvga98?pid=SHOFHSHXKBHZGCHU&lid=LSTSHOFHSHXKBHZGCHU9QH2ZY&marketplace=FLIPKART&srno=s_1_14&otracker=search&otracker1=search&fm=organic&iid=en_J%2FMHS5IvHboKJlw1bZ%2BT8XQERI6noa9xj5kbJdILlUwdokFraX8FUobCGnOYnyv1ggbJWTei3mdHKW7JLi28%2BA%3D%3D&ssid=yhz8s4pejk0000001568520492887&qH=fb2c617de801b9f1
Blue-774 Running Shoes For Men,340,499,31% off,Oricum,True,https://www.flipkart.com/oricum-blue-774-running-shoes-men/p/itmf3xwsjmbghuwx?pid=SHOF2WSHVKZ4HKDG&lid=LSTSHOF2WSHVKZ4HKDGPHJU5D&marketplace=FLIPKART&srno=s_1_15&otracker=search&otracker1=search&fm=organic&iid=1926b458-ca7c-4187-99a1-4fccf0be06c2.SHOF2WSHVKZ4HKDG.SEARCH&ssid=yhz8s4pejk0000001568520492887&qH=fb2c617de801b9f1
Sports Outdoor Running Shoes for Men/Boys Walking Shoes...,499,999,50% off,Arise,False,https://www.flipkart.com/arise-sports-outdoor-running-shoes-men-boys-walking-men/p/itmffppt3semkvc6?pid=SHOFFPGHWYKQGGHN&lid=LSTSHOFFPGHWYKQGGHNKVV7RX&marketplace=FLIPKART&srno=s_1_16&otracker=search&otracker1=search&fm=organic&iid=cdf4dafe-58a1-4509-b083-544aa56030ec.SHOFFPGHWYKQGGHN.SEARCH&ssid=yhz8s4pejk0000001568520492887&qH=fb2c617de801b9f1
Density Running Shoes For Men,429,999,57% off,Density,True,https://www.flipkart.com/density-running-shoes-men/p/itmf97hcctv4pzke?pid=SHOEKRUZCRFGU4Z8&lid=LSTSHOEKRUZCRFGU4Z8BRMWXR&marketplace=FLIPKART&srno=s_1_17&otracker=search&otracker1=search&fm=organic&iid=cc250b7f-462d-4312-a807-9b01ac1cdf29.SHOEKRUZCRFGU4Z8.SEARCH&ssid=yhz8s4pejk0000001568520492887&qH=fb2c617de801b9f1
Running Shoes For Men,584,"1,299",55% off,M7 By Metronaut,True,https://www.flipkart.com/m7-metronaut-running-shoes-men/p/itm2b85693096497?pid=SHOFGU74MEWTZWK2&lid=LSTSHOFGU74MEWTZWK2LBCY0X&marketplace=FLIPKART&srno=s_1_18&otracker=search&otracker1=search&fm=organic&iid=1c544f2f-acd3-4745-845c-ba55c085e15c.SHOFGU74MEWTZWK2.SEARCH&ssid=yhz8s4pejk0000001568520492887&qH=fb2c617de801b9f1
Feet Rodeo IDP Running Shoes For Men,"1,814","3,299",45% off,Puma,True,https://www.flipkart.com/puma-feet-rodeo-idp-running-shoes-men/p/itmfhurxgkyzjgup?pid=SHOFHUR7RFEZN7RY&lid=LSTSHOFHUR7RFEZN7RYVQPIEL&marketplace=FLIPKART&srno=s_1_19&otracker=search&otracker1=search&fm=organic&iid=0a196304-d15d-4999-9346-7fa79506e636.SHOFHUR7RFEZN7RY.SEARCH&ssid=yhz8s4pejk0000001568520492887&qH=fb2c617de801b9f1
NRGY Star Slip-On Running Shoes For Women,"5,499",NO,NO,Puma,False,https://www.flipkart.com/puma-nrgy-star-slip-on-running-shoes-women/p/itmfhus6t6rq66jt?pid=SHOFGYDDSDVFTZW9&lid=LSTSHOFGYDDSDVFTZW9TUE4YG&marketplace=FLIPKART&srno=s_1_20&otracker=search&otracker1=search&fm=organic&iid=en_J%2FMHS5IvHboKJlw1bZ%2BT8XQERI6noa9xj5kbJdILlUz%2FEhCIitTANG7MwQ%2FDzHRVlR88JOqzKxRl%2BXogFuYchA%3D%3D&ssid=yhz8s4pejk0000001568520492887&qH=fb2c617de801b9f1
Combo Pack of 3 Casual Shoes (Loafers Shoes) Running Sh...,597,"1,497",60% off,Chevit,True,https://www.flipkart.com/chevit-combo-pack-3-casual-shoes-loafers-shoes-running-men/p/itmfdvthqxf5rhse?pid=SHOFDVGWYYWN45PH&lid=LSTSHOFDVGWYYWN45PHKHT2KB&marketplace=FLIPKART&srno=s_1_21&otracker=search&otracker1=search&fm=organic&iid=d96ab3f3-85fa-4202-993d-be15d7acd3d1.SHOFDVGWYYWN45PH.SEARCH&ssid=yhz8s4pejk0000001568520492887&qH=fb2c617de801b9f1
Revolution 3 Running Shoes For Men,"2,217","3,695",40% off,Nike,True,https://www.flipkart.com/nike-revolution-3-running-shoes-men/p/itmfg2b3hjdzp9sn?pid=SHOFG2B2QNEJ6PTY&lid=LSTSHOFG2B2QNEJ6PTY6IXEYX&marketplace=FLIPKART&srno=s_1_22&otracker=search&otracker1=search&fm=organic&iid=8d2d48c3-567b-4bd3-afcf-3e174961e5cf.SHOFG2B2QNEJ6PTY.SEARCH&ssid=yhz8s4pejk0000001568520492887&qH=fb2c617de801b9f1
SM-277 Running Shoes For Men,670,849,21% off,Sparx,True,https://www.flipkart.com/sparx-sm-277-running-shoes-men/p/itmf3xta2gyq5bjc?pid=SHOEQHMQZ9KJAZRS&lid=LSTSHOEQHMQZ9KJAZRSCID1OS&marketplace=FLIPKART&srno=s_1_23&otracker=search&otracker1=search&fm=organic&iid=23937580-c6a8-4cd9-af44-3f7c7b3fa5b9.SHOEQHMQZ9KJAZRS.SEARCH&ssid=yhz8s4pejk0000001568520492887&qH=fb2c617de801b9f1
by Red Chief Running Shoes For Women,"1,346","1,495",9% off,Furo,True,https://www.flipkart.com/furo-red-chief-running-shoes-women/p/itmf4ayb5fbrfebr?pid=SHOF4AWCJPVMMQFT&lid=LSTSHOF4AWCJPVMMQFTA81T8L&marketplace=FLIPKART&srno=s_1_24&otracker=search&otracker1=search&fm=organic&iid=en_J%2FMHS5IvHboKJlw1bZ%2BT8XQERI6noa9xj5kbJdILlUyaIKdrnsLeu%2FXK1QFrX2dQJun6oYSfxsGhyIMSDfDrWQ%3D%3D&ssid=yhz8s4pejk0000001568520492887&qH=fb2c617de801b9f1
SM-300 Running Shoes For Men,670,849,21% off,Sparx,True,https://www.flipkart.com/sparx-sm-300-running-shoes-men/p/itmfafycph7hb2rz?pid=SHOEUYPFXFREHKJE&lid=LSTSHOEUYPFXFREHKJEJB0CZA&marketplace=FLIPKART&srno=s_1_25&otracker=search&otracker1=search&fm=organic&iid=8cf95915-03c7-4e84-9374-50e4c4a34dcc.SHOEUYPFXFREHKJE.SEARCH&ssid=yhz8s4pejk0000001568520492887&qH=fb2c617de801b9f1
Men's Running Shoes Fashion Breathable Sneakers Mesh Ca...,399,999,60% off,ADDOXY,True,https://www.flipkart.com/addoxy-men-s-running-shoes-fashion-breathable-sneakers-mesh-casual-athletic-lightweight-casuals-men/p/itm8f5938e077065?pid=SHOFJFFAURFQYHHK&lid=LSTSHOFJFFAURFQYHHKTNFBK8&marketplace=FLIPKART&srno=s_1_26&otracker=search&otracker1=search&fm=organic&iid=a3aa03ae-e5c4-41f2-ac71-192384bd51fb.SHOFJFFAURFQYHHK.SEARCH&ssid=yhz8s4pejk0000001568520492887&qH=fb2c617de801b9f1
Mesh Running Shoes For Men,379,999,62% off,Layasa,True,https://www.flipkart.com/layasa-mesh-running-shoes-men/p/itmfcabbtprwsdb4?pid=SHOFC8RS3MGFUVWJ&lid=LSTSHOFC8RS3MGFUVWJBME0BD&marketplace=FLIPKART&srno=s_1_27&otracker=search&otracker1=search&fm=organic&iid=3133f5a6-2b26-4da9-a643-cbce01aef457.SHOFC8RS3MGFUVWJ.SEARCH&ssid=yhz8s4pejk0000001568520492887&qH=fb2c617de801b9f1
"Walking Shoes,Gym Shoes,Canvas Shoes,Sports Shoes,Train...",417,999,58% off,Asian,True,https://www.flipkart.com/asian-walking-shoes-gym-shoes-canvas-shoes-sports-shoes-training-shoes-running-shoes-men/p/itmf6fubnehzh8jm?pid=SHOF6EARC4SKVMRY&lid=LSTSHOF6EARC4SKVMRYIPF18U&marketplace=FLIPKART&srno=s_1_28&otracker=search&otracker1=search&fm=organic&iid=6eb05e19-887f-403f-83da-aab95b69b2fa.SHOF6EARC4SKVMRY.SEARCH&ssid=yhz8s4pejk0000001568520492887&qH=fb2c617de801b9f1
Mesh Sports Running shoes for men Running Shoes For Men,395,999,60% off,Shozie,True,https://www.flipkart.com/shozie-mesh-sports-running-shoes-men/p/itmfg93bmzytfcbf?pid=SHOFG8YXERJYJTUV&lid=LSTSHOFG8YXERJYJTUVNG3L4C&marketplace=FLIPKART&srno=s_1_29&otracker=search&otracker1=search&fm=organic&iid=f116af92-c1c7-4e55-a184-e2913156dd5b.SHOFG8YXERJYJTUV.SEARCH&ssid=yhz8s4pejk0000001568520492887&qH=fb2c617de801b9f1
Carson 2 Slip-On Wn s IDP Majesty-KNOCKO Walking Shoes ...,"2,474","4,499",45% off,Puma,True,https://www.flipkart.com/puma-carson-2-slip-on-wn-s-idp-majesty-knocko-walking-shoes-women/p/itmfbmwg6tk3qafy?pid=SHOFBMDHC6WHMEQ5&lid=LSTSHOFBMDHC6WHMEQ5QT2MHY&marketplace=FLIPKART&srno=s_1_30&otracker=search&otracker1=search&fm=organic&iid=en_J%2FMHS5IvHboKJlw1bZ%2BT8XQERI6noa9xj5kbJdILlUyOZxbqlQ70FijpKFzOKeVvEKBuKNALk4Zfcc1Xq0MmSQ%3D%3D&ssid=yhz8s4pejk0000001568520492887&qH=fb2c617de801b9f1
Eva Running Shoes For Men,399,999,60% off,Clymb,True,https://www.flipkart.com/clymb-eva-running-shoes-men/p/itmf47tsffgj8pnq?pid=SHOFFU4FPDDPSCCX&lid=LSTSHOFFU4FPDDPSCCX22HYHY&marketplace=FLIPKART&srno=s_1_31&otracker=search&otracker1=search&fm=organic&iid=623841fb-d34b-4585-8797-4afd7a39607d.SHOFFU4FPDDPSCCX.SEARCH&ssid=yhz8s4pejk0000001568520492887&qH=fb2c617de801b9f1
"Casual shoes,Running shoes,Walking shoes Walking Shoes ...",749,"1,498",50% off,Asian,False,https://www.flipkart.com/asian-casual-shoes-running-shoes-walking-shoes-walking-men/p/itmffbpbdjzpct5f?pid=SHOFFAHEF8HZYZQG&lid=LSTSHOFFAHEF8HZYZQGUQXPRF&marketplace=FLIPKART&srno=s_1_32&otracker=search&otracker1=search&fm=organic&iid=bec56c5d-37dd-4ce9-8cab-977a00f43b07.SHOFFAHEF8HZYZQG.SEARCH&ssid=yhz8s4pejk0000001568520492887&qH=fb2c617de801b9f1
WNDR-13 Running Shoes For Men,499,599,16% off,Asian,True,https://www.flipkart.com/asian-wndr-13-running-shoes-men/p/itmfd9fjf3z8grtb?pid=SHOF3KF5GPCZDNZS&lid=LSTSHOF3KF5GPCZDNZSTT0KO5&marketplace=FLIPKART&srno=s_1_33&otracker=search&otracker1=search&fm=organic&iid=52d39855-d5b4-4831-8f94-96a942fe44fa.SHOF3KF5GPCZDNZS.SEARCH&ssid=yhz8s4pejk0000001568520492887&qH=fb2c617de801b9f1
Progression Pro Wn s IDP Running Shoes For Women,"3,999",NO,NO,Puma,False,https://www.flipkart.com/puma-progression-pro-wn-s-idp-running-shoes-women/p/itmfhsgcsxdjdkza?pid=SHOFHSHWPZAQNHAK&lid=LSTSHOFHSHWPZAQNHAKAGQEE5&marketplace=FLIPKART&srno=s_1_34&otracker=search&otracker1=search&fm=organic&iid=en_J%2FMHS5IvHboKJlw1bZ%2BT8XQERI6noa9xj5kbJdILlUyVDLmBWcnrfZBcVE7bNYRCCSt1GODG7X%2B0ipfSR8s7FQ%3D%3D&ssid=yhz8s4pejk0000001568520492887&qH=fb2c617de801b9f1
Running Shoes For Men,426,999,57% off,Rod Takes,True,https://www.flipkart.com/rod-takes-running-shoes-men/p/itmf43brgkhyszsh?pid=SHOF4389QBCFZAGS&lid=LSTSHOF4389QBCFZAGSCNB2H5&marketplace=FLIPKART&srno=s_1_35&otracker=search&otracker1=search&fm=organic&iid=c1ad6e33-ef3b-4fe0-99f9-ff80dc1e8622.SHOF4389QBCFZAGS.SEARCH&ssid=yhz8s4pejk0000001568520492887&qH=fb2c617de801b9f1
WNDR-13 Running Shoes For Men,499,599,16% off,Asian,True,https://www.flipkart.com/asian-wndr-13-running-shoes-men/p/itmfexam9utsputk?pid=SHOF3KF5G5WU9QUG&lid=LSTSHOF3KF5G5WU9QUGTHQEAS&marketplace=FLIPKART&srno=s_1_36&otracker=search&otracker1=search&fm=organic&iid=43ff2f08-2715-442a-930b-a9a313458d12.SHOF3KF5G5WU9QUG.SEARCH&ssid=yhz8s4pejk0000001568520492887&qH=fb2c617de801b9f1
Cosco Blue Light Weight With EVA Sole Running Shoes For...,425,999,57% off,Clymb,True,https://www.flipkart.com/clymb-cosco-blue-light-weight-eva-sole-running-shoes-men/p/itmfew2tshsseqxa?pid=SHOFEVVEEHERQS4A&lid=LSTSHOFEVVEEHERQS4AZP1VOS&marketplace=FLIPKART&srno=s_1_37&otracker=search&otracker1=search&fm=organic&iid=4ced7391-ce36-42bd-8025-d40636287ee4.SHOFEVVEEHERQS4A.SEARCH&ssid=yhz8s4pejk0000001568520492887&qH=fb2c617de801b9f1
Mesh Running Shoes For Men,474,999,52% off,Layasa,True,https://www.flipkart.com/layasa-mesh-running-shoes-men/p/itmfcabbrjmzxzfh?pid=SHOFC8RTC9BKMQMG&lid=LSTSHOFC8RTC9BKMQMGIQ1KMC&marketplace=FLIPKART&srno=s_1_38&otracker=search&otracker1=search&fm=organic&iid=94c709d1-6142-4559-bf37-6c6dceeb7395.SHOFC8RTC9BKMQMG.SEARCH&ssid=yhz8s4pejk0000001568520492887&qH=fb2c617de801b9f1
"Jio-13 Black Silver Walking Shoes,Gym Shoes,Loafers,Sne...",499,599,16% off,Asian,True,https://www.flipkart.com/asian-jio-13-black-silver-walking-shoes-gym-shoes-loafers-sneakers-canvas-shoes-sports-shoes-running-shoes-men/p/itmfe37fvammuusy?pid=SHOF8ABMTAAFQFXT&lid=LSTSHOF8ABMTAAFQFXT6QDJ5A&marketplace=FLIPKART&srno=s_1_39&otracker=search&otracker1=search&fm=organic&iid=bac9966d-3807-4002-b766-3328ce4dcabe.SHOF8ABMTAAFQFXT.SEARCH&ssid=yhz8s4pejk0000001568520492887&qH=fb2c617de801b9f1
by Red Chief O-6002 161 Running Shoes For Women,"1,812","3,295",45% off,Furo,False,https://www.flipkart.com/furo-red-chief-o-6002-161-running-shoes-women/p/itmf3xyqfbxvzvk4?pid=SHOF3MMSYYG6KNFR&lid=LSTSHOF3MMSYYG6KNFRZUQVJC&marketplace=FLIPKART&srno=s_1_40&otracker=search&otracker1=search&fm=organic&iid=en_J%2FMHS5IvHboKJlw1bZ%2BT8XQERI6noa9xj5kbJdILlUwgKuRTL9AQaI%2FQDNDzzxTNnfk%2FmSc8sGQhbX46lth0Dw%3D%3D&ssid=yhz8s4pejk0000001568520492887&qH=fb2c617de801b9f1
